mol_name,activity,potency
CHEMBL1205058,Active,7.16
CHEMBL3696942,Active,6.4
CHEMBL3649717,Inactive,5.97
CHEMBL3649720,Inactive,5.98
CHEMBL3394705,Active,6.06
CHEMBL3653091,Active,6.75
CHEMBL3967582,Active,7.85
CHEMBL3970517,Active,6.84
CHEMBL3937652,Active,8.74
CHEMBL3649769,Inactive,5.81
CHEMBL3913270,Active,8.4
CHEMBL3649737,Active,6.64
CHEMBL3649753,Active,6.89
CHEMBL3957957,Active,8.89
CHEMBL3936571,Active,7.75
CHEMBL3924105,Active,8
CHEMBL3949787,Active,8.89
CHEMBL3954628,Active,8.1
CHEMBL3901232,Active,8.29
CHEMBL3922304,Active,9
CHEMBL3911036,Active,8.66
CHEMBL3933460,Active,6.75
CHEMBL3946931,Active,8.85
CHEMBL3930456,Active,8.7
CHEMBL3937688,Active,6.81
CHEMBL3971705,Active,7.51
CHEMBL2323227,Inactive,4.06
CHEMBL2323224,Inactive,5.86
CHEMBL3105885,Inactive,5.68
CHEMBL4097232,Active,6.1
CHEMBL3966085,Inactive,5.57
CHEMBL1767048,Inactive,4.97
CHEMBL3955207,Inactive,5.19
CHEMBL3931972,Active,8.29
CHEMBL3910594,Active,7.64
CHEMBL3967308,Active,8.74
CHEMBL3958597,Active,6.92
CHEMBL3974858,Active,7.8
CHEMBL2058923,Active,8.92
CHEMBL2058678,Active,6.94
CHEMBL595019,Active,8.22
CHEMBL111606,Active,7.22
CHEMBL321703,Active,7.82
CHEMBL108316,Active,7.3
CHEMBL3927151,Active,6.91
CHEMBL3961655,Active,6.32
CHEMBL3986054,Inactive,5.04
CHEMBL3644580,Active,7.54
CHEMBL3644575,Active,7.41
CHEMBL3394708,Inactive,5.97
CHEMBL2419697,Inactive,4.98
CHEMBL432406,Active,6.82
CHEMBL480108,Active,6.52
CHEMBL107935,Active,7.52
CHEMBL426070,Active,7.9
CHEMBL310320,Active,7.51
CHEMBL564183,Active,6.89
CHEMBL550724,Active,7
CHEMBL558645,Active,6.64
CHEMBL4462563,Active,7.25
CHEMBL4129001,Inactive,4.72
CHEMBL148334,Active,8.22
CHEMBL4576573,Active,7.55
CHEMBL186418,Active,7.19
CHEMBL45245,Active,6.28
CHEMBL344113,Active,8
CHEMBL3105424,Active,6.55
CHEMBL3105423,Inactive,5.73
CHEMBL1508664,Active,6.57
CHEMBL3105886,Active,7.16
CHEMBL3105405,Active,7.25
CHEMBL4571423,Active,9.08
CHEMBL3649783,Active,6.85
CHEMBL3649786,Active,6.5
CHEMBL3649731,Active,6.41
CHEMBL3653088,Active,7
CHEMBL423343,Active,6.9
CHEMBL144690,Active,7.24
CHEMBL594975,Active,7.3
CHEMBL4529965,Active,8.41
CHEMBL2414051,Active,6.31
CHEMBL335516,Active,8.1
CHEMBL144024,Active,8.22
CHEMBL4461708,Inactive,5.18
CHEMBL450259,Inactive,4.82
CHEMBL3935139,Active,7.38
CHEMBL3919265,Active,9.3
CHEMBL1767054,Inactive,4.86
CHEMBL523887,Active,8.15
CHEMBL3414771,Inactive,5.01
CHEMBL1935261,Active,8.15
CHEMBL1935266,Active,7.58
CHEMBL1935270,Active,7.8
CHEMBL3644776,Active,7
CHEMBL3946827,Active,7.16
CHEMBL3934312,Active,6.65
CHEMBL3911509,Active,8.4
CHEMBL3917032,Active,6.16
CHEMBL3960351,Active,8.4
CHEMBL357149,Active,8.05
CHEMBL3593982,Active,7.92
CHEMBL3593983,Inactive,4.77
CHEMBL4075239,Active,6.09
CHEMBL4096594,Active,7.82
CHEMBL481793,Inactive,5.24
CHEMBL1949851,Inactive,4.6
CHEMBL395092,Inactive,5.92
CHEMBL294060,Active,7.35
CHEMBL3649709,Active,6.22
CHEMBL1949846,Inactive,4.6
CHEMBL550788,Active,6.7
CHEMBL560256,Active,6.7
CHEMBL550369,Active,6.7
CHEMBL1949845,Inactive,4.6
CHEMBL1949862,Inactive,5.71
CHEMBL4287147,Active,7.24
CHEMBL245537,Active,7.3
CHEMBL247578,Active,7.42
CHEMBL245735,Active,7.27
CHEMBL380488,Active,6.92
CHEMBL196444,Active,8.3
CHEMBL195402,Active,7.92
CHEMBL569363,Active,6.47
CHEMBL562331,Active,7.28
CHEMBL563634,Active,6.92
CHEMBL297200,Inactive,4.85
CHEMBL480429,Active,6.05
CHEMBL131737,Active,7.5
CHEMBL133353,Active,8.05
CHEMBL1935258,Active,8.1
CHEMBL2323545,Active,7.72
CHEMBL4074448,Active,6.56
CHEMBL4065317,Active,6.07
CHEMBL3649739,Inactive,5.79
CHEMBL4083932,Active,6.1
CHEMBL4062214,Active,6.19
CHEMBL3644605,Active,7.89
CHEMBL3973054,Active,7.36
CHEMBL4063422,Active,6.94
CHEMBL4061445,Active,6.51
CHEMBL4060514,Active,7
CHEMBL3927757,Active,6.99
CHEMBL3928128,Active,8.4
CHEMBL3913157,Active,6.07
CHEMBL4285923,Active,7.07
CHEMBL3942436,Active,6.62
CHEMBL3935582,Active,7.17
CHEMBL3932374,Active,7.92
CHEMBL3898776,Active,8.96
CHEMBL3921079,Active,7.22
CHEMBL3890553,Active,7.15
CHEMBL3917407,Active,6.96
CHEMBL3644595,Active,7.31
CHEMBL3644613,Active,7.33
CHEMBL1935265,Active,8
CHEMBL148173,Active,8.3
CHEMBL3948838,Active,7.23
CHEMBL3926638,Active,7.47
CHEMBL3974297,Active,7.96
CHEMBL3917731,Active,7.3
CHEMBL3975860,Active,6.71
CHEMBL3981021,Active,6.6
CHEMBL1935256,Active,7.82
CHEMBL3901638,Active,7.96
CHEMBL3237590,Active,6.91
CHEMBL3951776,Active,8.89
CHEMBL3644610,Active,7.82
CHEMBL2058920,Active,9.05
CHEMBL4112930,Active,9.05
CHEMBL3970344,Active,8.82
CHEMBL3907218,Active,8.22
CHEMBL3649735,Inactive,5.51
CHEMBL3649798,Active,6.31
CHEMBL3649804,Active,6.75
CHEMBL3972156,Active,8.2
CHEMBL2058682,Active,9.1
CHEMBL3901347,Active,7.39
CHEMBL3973251,Active,8.57
CHEMBL4291682,Active,8.1
CHEMBL3649770,Active,7.05
CHEMBL2058915,Active,8.6
CHEMBL3897939,Active,8.22
CHEMBL3649721,Active,6.43
CHEMBL3649781,Active,6.96
CHEMBL3983342,Active,7.62
CHEMBL3960376,Active,9.15
CHEMBL3894113,Active,7.07
CHEMBL3644771,Active,6.3
CHEMBL3934540,Active,6.4
CHEMBL3984521,Active,7.66
CHEMBL3924951,Active,7.4
CHEMBL3960812,Active,7.75
CHEMBL3929947,Active,6.67
CHEMBL3963719,Active,7.8
CHEMBL3894294,Inactive,5.64
CHEMBL3961392,Active,7.36
CHEMBL3897941,Active,8.8
CHEMBL3911539,Active,8.66
CHEMBL3954313,Active,7.27
CHEMBL3947204,Active,8.77
CHEMBL3934995,Inactive,5.8
CHEMBL446240,Active,6.03
CHEMBL3925864,Inactive,5.75
CHEMBL134116,Active,8.03
CHEMBL3930869,Active,7.64
CHEMBL3922789,Active,8.48
CHEMBL3959183,Active,6.54
CHEMBL3983596,Active,6.06
CHEMBL3944026,Active,6.43
CHEMBL2407977,Active,7.54
CHEMBL3644772,Active,7
CHEMBL3291311,Active,7.36
CHEMBL3955001,Active,6.83
CHEMBL3892401,Active,7.6
CHEMBL3910369,Active,7.04
CHEMBL3910884,Active,7.39
CHEMBL3954734,Active,6.91
CHEMBL540734,Active,7.02
CHEMBL3644600,Active,7.64
CHEMBL3644601,Active,7.85
CHEMBL3967030,Active,7.38
CHEMBL4077600,Active,6.5
CHEMBL3649725,Inactive,5.81
CHEMBL3934647,Active,6.8
CHEMBL3929889,Active,8.19
CHEMBL1935253,Active,7.8
CHEMBL3922877,Active,7.04
CHEMBL3649727,Inactive,5.94
CHEMBL3649747,Active,6.66
CHEMBL2058691,Active,7.85
CHEMBL3924340,Active,6.04
CHEMBL4114777,Inactive,5.84
CHEMBL3912807,Active,7.8
CHEMBL3910835,Active,7.85
CHEMBL3918368,Active,8.54
CHEMBL3649812,Active,6.02
CHEMBL3653089,Active,6.72
CHEMBL3644780,Active,7.3
CHEMBL3644582,Active,7.55
CHEMBL3644778,Active,7.3
CHEMBL2323222,Active,8.72
CHEMBL3644569,Active,7.68
CHEMBL3944750,Active,9
CHEMBL2058693,Active,8.46
CHEMBL3890171,Active,7.85
CHEMBL3930573,Active,8.82
CHEMBL3892556,Active,6.69
CHEMBL4079213,Active,6.29
CHEMBL1935276,Active,7.77
CHEMBL3947075,Active,6.31
CHEMBL3927432,Active,6.75
CHEMBL1935268,Active,8
CHEMBL3959295,Active,7.64
CHEMBL1767063,Inactive,5.18
CHEMBL4454894,Inactive,5.89
CHEMBL4458129,Active,7.22
CHEMBL4567515,Active,6.41
CHEMBL3985223,Active,7.68
CHEMBL3980127,Active,8.7
CHEMBL2058686,Active,8.4
CHEMBL3898660,Active,7.22
CHEMBL3971128,Active,7.19
CHEMBL3926309,Active,7.29
CHEMBL3974851,Active,6.17
CHEMBL3949129,Active,6.81
CHEMBL1949863,Inactive,5.28
CHEMBL2058681,Active,8.85
CHEMBL3939921,Active,7.55
CHEMBL3414774,Active,6.07
CHEMBL2179989,Inactive,5.36
CHEMBL3414768,Active,6.7
CHEMBL3414772,Active,6.41
CHEMBL3414770,Inactive,5.43
CHEMBL3414773,Active,6.23
CHEMBL4081950,Active,7
CHEMBL4437403,Active,7.24
CHEMBL4518901,Active,7.33
CHEMBL1949841,Inactive,5.5
CHEMBL1949847,Inactive,4.6
CHEMBL3649722,Active,6.34
CHEMBL3649728,Inactive,5.84
CHEMBL3952984,Active,6.72
CHEMBL3653090,Active,6.39
CHEMBL4446105,Active,7.52
CHEMBL4470680,Active,7.38
CHEMBL4446923,Active,7.66
CHEMBL3649763,Active,6.04
CHEMBL3649776,Active,7
CHEMBL3649778,Active,7.3
CHEMBL3649782,Active,6.75
CHEMBL3649787,Active,6.82
CHEMBL4088354,Active,7.08
CHEMBL4089213,Active,7.04
CHEMBL4084815,Active,6.06
CHEMBL4061234,Active,7.08
CHEMBL4079788,Active,7.54
CHEMBL4093008,Active,7.88
CHEMBL4460296,Active,6.71
CHEMBL4276836,Active,7.26
CHEMBL4286249,Active,7.82
CHEMBL4293056,Active,7.38
CHEMBL370673,Active,6.3
CHEMBL2237232,Active,7.44
CHEMBL3907189,Active,8.22
CHEMBL3964032,Active,7.37
CHEMBL1086580,Active,7.13
CHEMBL4070826,Active,6.7
CHEMBL4062157,Active,6.96
CHEMBL4278820,Active,7.05
CHEMBL3972527,Active,8.4
CHEMBL3901504,Active,6.26
CHEMBL3943733,Active,8.62
CHEMBL3953944,Active,7.54
CHEMBL3947278,Active,7.73
CHEMBL3966619,Active,8.52
CHEMBL372303,Active,6.96
CHEMBL371425,Active,7.7
CHEMBL520924,Active,6.79
CHEMBL519443,Active,7.15
CHEMBL526128,Active,6.1
CHEMBL3974706,Active,9.05
CHEMBL3912710,Active,8.74
CHEMBL3916451,Active,7.13
CHEMBL3105875,Inactive,5.6
CHEMBL3983247,Active,7.8
CHEMBL2058680,Active,8.52
CHEMBL3982698,Active,8.92
CHEMBL3940682,Active,6.92
CHEMBL3918245,Active,8.85
CHEMBL3955786,Active,7.25
CHEMBL3928161,Active,6.9
CHEMBL3903509,Active,7.21
CHEMBL3986629,Active,6.92
CHEMBL3922478,Active,8.52
CHEMBL3961793,Inactive,5.91
CHEMBL3963977,Active,7.38
CHEMBL3954205,Active,6.73
CHEMBL3943960,Inactive,5.37
CHEMBL3947756,Active,6.36
CHEMBL3966513,Active,6.69
CHEMBL3971791,Active,7.75
CHEMBL2058918,Active,8.85
CHEMBL3950574,Active,9.05
CHEMBL3964591,Active,7.72
CHEMBL3894940,Active,6.55
CHEMBL3895879,Active,6.25
CHEMBL3964165,Active,6.83
CHEMBL3910486,Active,7.16
CHEMBL3895966,Active,7
CHEMBL4089394,Active,7.54
CHEMBL3593996,Active,6.01
CHEMBL3979859,Active,6.4
CHEMBL3894120,Active,7.01
CHEMBL3931503,Active,8.92
CHEMBL3893660,Inactive,5.6
CHEMBL3934525,Active,8.3
CHEMBL3899855,Active,6.97
CHEMBL3949287,Active,8.64
CHEMBL3965762,Active,9.1
CHEMBL3946391,Active,7.7
CHEMBL3649788,Active,6.75
CHEMBL3649771,Inactive,5.92
CHEMBL3936448,Active,6.76
CHEMBL3947748,Active,6.69
CHEMBL2058677,Active,6.92
CHEMBL3944561,Active,8.15
CHEMBL3957308,Inactive,5.72
CHEMBL3649797,Active,6.77
CHEMBL3649799,Active,6.11
CHEMBL3649777,Active,6.64
CHEMBL3649785,Active,7.22
CHEMBL3649789,Active,6.96
CHEMBL3649716,Inactive,5.99
CHEMBL3649805,Active,6.92
CHEMBL3649750,Active,6.58
CHEMBL3644598,Active,7.82
CHEMBL4435102,Active,7.38
CHEMBL4436980,Active,9.14
CHEMBL3961684,Active,7.94
CHEMBL3705003,Active,6.54
CHEMBL3649757,Active,7.16
CHEMBL3649758,Active,7.3
CHEMBL3649762,Active,6.32
CHEMBL3644584,Active,7.31
CHEMBL3644589,Active,7.82
CHEMBL3965317,Active,6.92
CHEMBL3941962,Active,6.02
CHEMBL3932477,Active,9
CHEMBL3972534,Active,6.62
CHEMBL2172241,Inactive,5.78
CHEMBL3105431,Inactive,5.97
CHEMBL3105421,Inactive,5.89
CHEMBL2323537,Inactive,5.03
CHEMBL391403,Active,7.75
CHEMBL246192,Active,7.08
CHEMBL395864,Active,7.77
CHEMBL193917,Active,6.54
CHEMBL3987068,Active,6.24
CHEMBL3942753,Active,7.38
CHEMBL3962648,Active,8.19
CHEMBL3414776,Inactive,5.96
CHEMBL2237216,Active,6.63
CHEMBL3904912,Active,6.14
CHEMBL193679,Active,6.3
CHEMBL198355,Active,7.8
CHEMBL364364,Active,7.92
CHEMBL418816,Inactive,5.52
CHEMBL4449082,Inactive,4.74
CHEMBL1935263,Active,7.92
CHEMBL1935272,Active,8.05
CHEMBL3936732,Active,7.66
CHEMBL3982374,Active,6.51
CHEMBL3956074,Active,7.32
CHEMBL1767049,Inactive,4.87
CHEMBL3593992,Active,6.14
CHEMBL3414764,Inactive,5.61
CHEMBL3414767,Inactive,5.25
CHEMBL3649740,Inactive,5.45
CHEMBL3649724,Inactive,5.83
CHEMBL3639486,Active,7.05
CHEMBL3925004,Active,7.51
CHEMBL3904765,Active,8.89
CHEMBL3950401,Active,8.1
CHEMBL3898349,Active,8.82
CHEMBL3644599,Active,7.68
CHEMBL3917181,Active,9.1
CHEMBL3935115,Active,9
CHEMBL3915929,Active,8.12
CHEMBL3644769,Active,7.52
CHEMBL3934886,Inactive,5.63
CHEMBL3895657,Active,6.19
CHEMBL3893220,Active,6.39
CHEMBL3946304,Active,6.47
CHEMBL3903759,Active,8.3
CHEMBL3937647,Active,8.89
CHEMBL3935201,Active,6.78
CHEMBL3942474,Active,6.18
CHEMBL3919281,Inactive,5.98
CHEMBL3890001,Active,8.15
CHEMBL3896501,Active,6.79
CHEMBL3928801,Active,8.96
CHEMBL3897164,Active,6.78
CHEMBL3943793,Active,6.41
CHEMBL3897560,Active,7.89
CHEMBL3933525,Inactive,5.76
CHEMBL3940935,Active,9.22
CHEMBL3980391,Active,6.62
CHEMBL3949966,Active,6.39
CHEMBL3942486,Active,7.12
CHEMBL3913106,Active,7.09
CHEMBL3899001,Active,7.85
CHEMBL2058924,Active,8.92
CHEMBL3971025,Active,8.96
CHEMBL356104,Active,7.33
CHEMBL3974898,Active,6.9
CHEMBL3933641,Active,7.24
CHEMBL3897811,Active,6.88
CHEMBL3949072,Active,8.62
CHEMBL3985126,Active,8.7
CHEMBL3950628,Active,6.6
CHEMBL3966512,Active,7.57
CHEMBL3972718,Active,7.4
CHEMBL3942174,Active,7.29
CHEMBL3953127,Active,7.33
CHEMBL3963058,Active,7.19
CHEMBL3890987,Active,7.66
CHEMBL3917804,Active,6.33
CHEMBL3980444,Active,8.96
CHEMBL3649743,Active,7.3
CHEMBL3649746,Active,7.4
CHEMBL3896329,Active,6.17
CHEMBL3649803,Active,6.25
CHEMBL3649801,Active,6.12
CHEMBL3649802,Active,7.22
CHEMBL3644573,Active,7.46
CHEMBL3933621,Active,8.22
CHEMBL3986597,Active,7.04
CHEMBL3978332,Active,6.37
CHEMBL3927445,Active,7.57
CHEMBL3644571,Active,7.77
CHEMBL3961474,Active,9.05
CHEMBL3973041,Active,8.7
CHEMBL3900192,Active,8.52
CHEMBL3920948,Active,9.22
CHEMBL3969141,Active,7.15
CHEMBL3906574,Active,7.18
CHEMBL3956370,Active,8.92
CHEMBL3923695,Active,7.5
CHEMBL3917960,Active,8.7
CHEMBL3965627,Active,7.55
CHEMBL3983119,Active,6.25
CHEMBL4471547,Active,7.02
CHEMBL3953004,Active,7.25
CHEMBL3975013,Active,6.76
CHEMBL3972667,Active,7.51
CHEMBL3926679,Active,7.06
CHEMBL3898013,Active,6.58
CHEMBL3593987,Active,6.51
CHEMBL3644777,Active,7
CHEMBL4087082,Active,6.43
CHEMBL3901005,Active,8.52
CHEMBL3928403,Inactive,5.79
CHEMBL3948205,Active,8.4
CHEMBL3644779,Active,7.52
CHEMBL3940569,Active,7.57
CHEMBL3957687,Active,8.72
CHEMBL3927345,Active,8.92
CHEMBL3923731,Active,6.87
CHEMBL3932631,Inactive,5.69
CHEMBL3906977,Active,6.85
CHEMBL3948920,Active,6.81
CHEMBL3896875,Active,8.64
CHEMBL3913023,Active,6.16
CHEMBL3935119,Active,8.72
CHEMBL3931956,Active,6.56
CHEMBL3923545,Active,8.3
CHEMBL3956036,Active,6.81
CHEMBL3908522,Active,6.54
CHEMBL3955721,Active,8.52
CHEMBL3919943,Active,7.29
CHEMBL3644770,Active,7.7
CHEMBL2058926,Active,9
CHEMBL4107630,Active,8.15
CHEMBL3934924,Active,6.2
CHEMBL3972878,Active,6.21
CHEMBL3911833,Active,6.32
CHEMBL3937891,Active,7.01
CHEMBL4068890,Active,6.63
CHEMBL3935333,Active,8.6
CHEMBL3985672,Active,9.3
CHEMBL3965068,Active,6
CHEMBL3898162,Active,7.96
CHEMBL3904816,Active,8.4
CHEMBL3904319,Active,6.44
CHEMBL3944818,Active,9
CHEMBL3977299,Active,6.78
CHEMBL3902713,Active,7.25
CHEMBL3974120,Active,7.16
CHEMBL4080365,Active,6.52
CHEMBL3909382,Active,7.82
CHEMBL3949079,Active,7.09
CHEMBL3963916,Inactive,5.79
CHEMBL3644781,Active,7.52
CHEMBL3927874,Active,8.7
CHEMBL3940575,Active,9.15
CHEMBL3901842,Active,9.15
CHEMBL3975402,Active,7.28
CHEMBL3894049,Active,7.68
CHEMBL3764816,Active,8.95
CHEMBL3976224,Active,8.96
CHEMBL3953955,Active,6.16
CHEMBL3916749,Active,8
CHEMBL3918492,Active,7.02
CHEMBL3974780,Active,8.3
CHEMBL3907439,Active,8.4
CHEMBL3898412,Active,8.74
CHEMBL3958908,Active,7.17
CHEMBL3983746,Active,8.3
CHEMBL3983389,Active,8.57
CHEMBL3906980,Active,8.72
CHEMBL3984269,Active,8.96
CHEMBL3954828,Active,8.3
CHEMBL3894809,Active,6.71
CHEMBL3414765,Inactive,5.13
CHEMBL3414769,Inactive,4.98
CHEMBL3414756,Active,6.16
CHEMBL3959338,Active,8.4
CHEMBL3644592,Active,7.89
CHEMBL4085866,Active,7.1
CHEMBL4107982,Active,8.96
CHEMBL4083291,Active,8.51
CHEMBL3892324,Active,9.05
CHEMBL3931879,Active,7.77
CHEMBL3947220,Active,7.52
CHEMBL4453735,Active,7.18
CHEMBL3976097,Active,7.5
CHEMBL3926185,Active,6.69
CHEMBL2058684,Active,7.77
CHEMBL3908043,Active,8
CHEMBL3644567,Active,7.75
CHEMBL3906567,Active,7.82
CHEMBL3917078,Active,8.35
CHEMBL3982506,Active,8.15
CHEMBL3963459,Active,7.85
CHEMBL3926240,Active,8.48
CHEMBL3912520,Active,8.1
CHEMBL3916861,Active,6.61
CHEMBL3644579,Active,7.37
CHEMBL3644590,Active,7.41
CHEMBL3974749,Active,6.8
CHEMBL3986414,Active,8.66
CHEMBL3908116,Active,8.89
CHEMBL3649773,Inactive,5.96
CHEMBL3649748,Active,6.8
CHEMBL3649811,Active,7.1
CHEMBL3966627,Active,6.26
CHEMBL3984330,Active,7.89
CHEMBL4473851,Active,6.95
CHEMBL4575227,Active,7.57
CHEMBL3945909,Active,6.1
CHEMBL3950202,Active,8.74
CHEMBL3649800,Active,6.05
CHEMBL3890145,Inactive,5.83
CHEMBL3891822,Active,7.33
CHEMBL3939092,Active,6.5
CHEMBL3917587,Active,6.87
CHEMBL3971924,Active,9
CHEMBL3964387,Active,8.82
CHEMBL3889575,Active,6.24
CHEMBL3986952,Active,8.22
CHEMBL3649744,Active,7
CHEMBL3649751,Active,6.23
CHEMBL3649752,Active,7.16
CHEMBL3969598,Active,6.55
CHEMBL1092777,Active,7.6
CHEMBL3912303,Active,7.19
CHEMBL3954548,Active,9.1
CHEMBL3983620,Active,7.48
CHEMBL3960942,Active,8.96
CHEMBL3958634,Active,6.8
CHEMBL3935200,Active,7.55
CHEMBL3961821,Active,6.59
CHEMBL3911181,Active,6.65
CHEMBL3649736,Inactive,5.97
CHEMBL3649738,Active,6.03
CHEMBL3936560,Active,6.29
CHEMBL3981596,Active,8
CHEMBL3920556,Active,7.96
CHEMBL3968732,Active,6.76
CHEMBL3964202,Active,6.24
CHEMBL3947834,Active,6.52
CHEMBL3649734,Inactive,5.54
CHEMBL3958994,Active,7.85
CHEMBL3965685,Active,8.68
CHEMBL3904019,Active,6.21
CHEMBL3889865,Active,8.1
CHEMBL3923029,Active,7.96
CHEMBL3904262,Active,7.24
CHEMBL3925288,Active,8.52
CHEMBL3970477,Active,8.82
CHEMBL3974615,Active,8.4
CHEMBL3890212,Active,8.4
CHEMBL3912825,Active,6.88
CHEMBL2058692,Active,8.05
CHEMBL3902882,Active,8.96
CHEMBL3914483,Active,7.16
CHEMBL3980930,Active,7.4
CHEMBL3979927,Active,8.55
CHEMBL3918321,Active,7.48
CHEMBL3967465,Active,6.54
CHEMBL2058913,Active,8.15
CHEMBL3908724,Active,8.62
CHEMBL3649710,Active,6.3
CHEMBL4450725,Active,6.21
CHEMBL336718,Active,6.54
CHEMBL2058916,Active,9.05
CHEMBL3925437,Active,8.64
CHEMBL3911622,Active,7.13
CHEMBL3902883,Active,9
CHEMBL3982178,Active,7.4
CHEMBL3893585,Active,6.94
CHEMBL3980638,Active,9.15
CHEMBL3958439,Active,8.89
CHEMBL3930740,Active,8.08
CHEMBL3909881,Active,6.72
CHEMBL3901034,Active,8.04
CHEMBL3933847,Active,6.1
CHEMBL3979551,Active,7.24
CHEMBL3926924,Active,8.96
CHEMBL3903871,Active,6.41
CHEMBL3891180,Active,8.72
CHEMBL3913258,Active,9.1
CHEMBL3972963,Active,7.62
CHEMBL3942650,Active,7.72
CHEMBL3893072,Active,7.11
CHEMBL3977581,Active,8.7
CHEMBL3105420,Active,6.46
CHEMBL3105416,Active,6.89
CHEMBL1726644,Inactive,5.99
CHEMBL127101,Active,6.05
CHEMBL3105427,Active,6.22
CHEMBL3105426,Inactive,5.96
CHEMBL3943149,Active,6.33
CHEMBL4081066,Active,6.97
CHEMBL4082982,Active,7.52
CHEMBL4096563,Inactive,5.92
CHEMBL3644583,Active,7.51
CHEMBL3920833,Active,6.9
CHEMBL3934909,Active,6.36
CHEMBL2058683,Active,8.05
CHEMBL3964037,Active,7.42
CHEMBL1949850,Inactive,5.12
CHEMBL3644587,Active,7.92
CHEMBL3644594,Active,7.68
CHEMBL3927618,Active,6.91
CHEMBL3933200,Active,6.75
CHEMBL4547590,Active,8.07
CHEMBL1949842,Inactive,4.6
CHEMBL1949843,Inactive,5.04
CHEMBL3105404,Active,6.89
CHEMBL3105412,Inactive,5.59
CHEMBL3105402,Active,8.01
CHEMBL3105400,Active,6.96
CHEMBL3979197,Active,6.69
CHEMBL3908878,Active,6.69
CHEMBL4571844,Active,7.1
CHEMBL2237235,Active,7.52
CHEMBL3953850,Active,6.88
CHEMBL3952677,Active,6.17
CHEMBL3949296,Active,7.25
CHEMBL3923230,Active,7.06
CHEMBL3910368,Active,7.52
CHEMBL3965502,Active,8.64
CHEMBL3971286,Active,7.36
CHEMBL3953611,Inactive,5.94
CHEMBL3917313,Active,8.52
CHEMBL3924915,Active,7.19
CHEMBL3962419,Inactive,5.66
CHEMBL3909998,Active,8.4
CHEMBL3649765,Active,6.92
CHEMBL3649756,Active,6.03
CHEMBL3649718,Inactive,5.42
CHEMBL3649807,Active,6.72
CHEMBL3649809,Active,6.85
CHEMBL3900558,Active,7.85
CHEMBL3939957,Active,8.05
CHEMBL3959780,Active,6.99
CHEMBL3931910,Active,6.15
CHEMBL3910929,Active,7.39
CHEMBL3910080,Active,8.22
CHEMBL3983566,Active,8.96
CHEMBL3954024,Active,8.96
CHEMBL3893791,Active,8.82
CHEMBL3961542,Active,6.72
CHEMBL3940278,Inactive,5.38
CHEMBL3954051,Active,7.47
CHEMBL3956979,Active,7.07
CHEMBL3949339,Active,6.98
CHEMBL3981743,Active,8.3
CHEMBL3960133,Active,7.28
CHEMBL3898338,Active,7.5
CHEMBL3920013,Active,6.69
CHEMBL3975795,Active,7.85
CHEMBL3958202,Active,9.52
CHEMBL3948324,Active,7.32
CHEMBL1949865,Inactive,5.58
CHEMBL151549,Active,6.31
CHEMBL3956865,Active,6.71
CHEMBL3893711,Active,7.52
CHEMBL3649732,Inactive,5.58
CHEMBL3649808,Active,7.16
CHEMBL3649795,Active,6.72
CHEMBL3649796,Active,6.85
CHEMBL593611,Active,6.72
CHEMBL3943016,Active,8.72
CHEMBL3959267,Active,7.7
CHEMBL3913570,Active,8.74
CHEMBL2237220,Active,7.4
CHEMBL3934967,Inactive,5.77
CHEMBL3921594,Active,6.61
CHEMBL3897004,Active,8.22
CHEMBL3925413,Active,7.02
CHEMBL4068366,Active,6.65
CHEMBL3764244,Active,6.19
CHEMBL3923524,Active,6.25
CHEMBL3931804,Active,7.25
CHEMBL3940452,Active,6.82
CHEMBL3937668,Active,7.08
CHEMBL3984109,Active,8.77
CHEMBL3968879,Active,6.1
CHEMBL3926216,Active,8.82
CHEMBL3948164,Active,8.7
CHEMBL3897575,Active,8.59
CHEMBL3958755,Active,8.68
CHEMBL3941603,Active,8.15
CHEMBL3982789,Active,7.96
CHEMBL3649749,Active,6.12
CHEMBL3649775,Active,7.1
CHEMBL3649764,Active,6.72
CHEMBL3649767,Inactive,5.99
CHEMBL3962698,Active,6.46
CHEMBL3949862,Active,7.85
CHEMBL3933450,Active,8.15
CHEMBL3932358,Active,6.2
CHEMBL3922609,Active,6.43
CHEMBL3890231,Active,7.32
CHEMBL3966896,Active,6.13
CHEMBL3962391,Active,7.04
CHEMBL3922055,Active,7.17
CHEMBL3926323,Inactive,5.71
CHEMBL3968277,Active,6.24
CHEMBL3902962,Active,6.4
CHEMBL3527002,Active,6.92
CHEMBL3961101,Active,7.72
CHEMBL3919621,Active,8.6
CHEMBL3956498,Active,7.1
CHEMBL3933179,Inactive,5.68
CHEMBL3934052,Active,7.39
CHEMBL3946791,Active,7.32
CHEMBL3973398,Active,7.24
CHEMBL3946265,Active,9.05
CHEMBL3927932,Active,6.08
CHEMBL3925115,Active,8.48
CHEMBL3921183,Active,7.5
CHEMBL3913279,Active,6.65
CHEMBL4088384,Active,6.65
CHEMBL3649792,Active,6.57
CHEMBL3649793,Active,6.11
CHEMBL3649780,Active,7.3
CHEMBL3649779,Active,7.3
CHEMBL3963707,Inactive,5.81
CHEMBL3932639,Active,8.15
CHEMBL3983279,Active,7.36
CHEMBL3957951,Active,7.64
CHEMBL3895743,Active,7.72
CHEMBL3896377,Active,8.68
CHEMBL3644604,Active,7.77
CHEMBL3593812,Active,7.5
CHEMBL3593984,Active,6.85
CHEMBL4536612,Inactive,5.64
CHEMBL4585900,Inactive,5.6
CHEMBL3975785,Active,9.22
CHEMBL3909079,Active,6.88
CHEMBL3966359,Inactive,5.5
CHEMBL3290468,Active,6.41
CHEMBL4454914,Active,7.5
CHEMBL4583398,Active,7.24
CHEMBL3895535,Active,7.29
CHEMBL3929685,Active,6.46
CHEMBL3895581,Active,7.8
CHEMBL3941297,Active,7.57
CHEMBL3961863,Active,6.19
CHEMBL3895107,Active,7.89
CHEMBL3907837,Active,8.52
CHEMBL3914521,Active,8.59
CHEMBL3696944,Active,6
CHEMBL3936878,Active,9.05
CHEMBL3940801,Active,6.28
CHEMBL3930221,Active,6.84
CHEMBL3934769,Active,8.8
CHEMBL3942113,Inactive,5.77
CHEMBL3911789,Inactive,5.74
CHEMBL3962941,Active,7.33
CHEMBL3925997,Active,6.68
CHEMBL3915764,Active,6.64
CHEMBL3918759,Active,6.03
CHEMBL3968163,Active,8.22
CHEMBL3942547,Active,8.96
CHEMBL3942243,Active,7.25
CHEMBL3942933,Active,7.07
CHEMBL2058914,Active,8.22
CHEMBL3919974,Active,7.37
CHEMBL3924863,Active,8.74
CHEMBL3958068,Active,8.05
CHEMBL4447252,Active,6.46
CHEMBL4514589,Active,6.39
CHEMBL4073487,Active,6.01
CHEMBL4090232,Active,6.6
CHEMBL3577626,Active,6.96
CHEMBL3649768,Active,6.27
CHEMBL3649784,Active,6.96
CHEMBL3653092,Active,6.21
CHEMBL3937699,Active,9
CHEMBL3940294,Active,7.66
CHEMBL3907393,Active,9
CHEMBL3972483,Active,6.5
CHEMBL3977588,Active,8.92
CHEMBL3644563,Active,7.72
CHEMBL3933583,Active,8.8
CHEMBL3981120,Active,8.4
CHEMBL3644593,Active,7.42
CHEMBL3644608,Active,7.57
CHEMBL3577700,Active,7.55
CHEMBL3926109,Active,7.12
CHEMBL3975124,Active,9.15
CHEMBL3904375,Active,8.7
CHEMBL3892363,Active,8.2
CHEMBL3984620,Active,7.09
CHEMBL3912900,Active,8.77
CHEMBL3941896,Inactive,5.9
CHEMBL3907646,Active,7.07
CHEMBL3905389,Active,8.42
CHEMBL3967707,Active,8.85
CHEMBL3955635,Active,8.89
CHEMBL3905040,Active,7.92
CHEMBL4539194,Active,7.42
CHEMBL4519178,Active,7.53
CHEMBL3903271,Active,6.47
CHEMBL3958218,Active,7
CHEMBL3981909,Active,6.96
CHEMBL3913623,Active,7.48
CHEMBL2058690,Active,7.75
CHEMBL3912084,Active,7.03
CHEMBL2058927,Active,9.4
CHEMBL3914434,Active,6.33
CHEMBL3963055,Active,7.7
CHEMBL3644577,Active,7.58
CHEMBL3972905,Active,8.82
CHEMBL3943513,Active,6.82
CHEMBL3979770,Active,6.91
CHEMBL3898234,Active,7.46
CHEMBL3912528,Active,8.96
CHEMBL3933012,Active,6.9
CHEMBL3941306,Active,6.05
CHEMBL3984349,Active,8.4
CHEMBL3972935,Active,8.82
CHEMBL3644768,Active,7.7
CHEMBL3644774,Active,6.52
CHEMBL3978989,Active,7.96
CHEMBL3978425,Active,8.04
CHEMBL3908092,Active,8.24
CHEMBL3981454,Active,7.35
CHEMBL3933156,Active,8.3
CHEMBL2237227,Active,6.73
CHEMBL2058925,Active,9
CHEMBL3953086,Active,7.31
CHEMBL2058928,Active,9.3
CHEMBL3967416,Active,6.84
CHEMBL3891936,Active,8.92
CHEMBL3986213,Active,7.96
CHEMBL3950585,Active,8.52
CHEMBL3906623,Active,8.14
CHEMBL3907010,Active,9.13
CHEMBL3979621,Active,6.76
CHEMBL3903698,Active,8.89
CHEMBL3926688,Active,9.15
CHEMBL2058912,Active,8.77
CHEMBL3908235,Active,8.52
CHEMBL3897400,Active,8.22
CHEMBL3932782,Active,7.4
CHEMBL3908435,Active,7.7
CHEMBL3920506,Active,8.7
CHEMBL3903127,Active,7.03
CHEMBL3982693,Active,8.85
CHEMBL3945292,Active,8.4
CHEMBL3978197,Active,8.52
CHEMBL3906970,Active,8.4
CHEMBL3983859,Active,8.64
CHEMBL3908123,Active,8.32
CHEMBL3919399,Active,7.66
CHEMBL3970639,Inactive,5.98
CHEMBL3980063,Active,7
CHEMBL3972076,Active,8.7
CHEMBL3644767,Active,7.52
CHEMBL3975576,Active,7.17
CHEMBL3945041,Active,7.36
CHEMBL3981541,Active,8.1
CHEMBL3984680,Active,8.52
CHEMBL3972259,Active,6.35
CHEMBL3982881,Active,7.12
CHEMBL3916714,Active,7.07
CHEMBL3918053,Active,6.84
CHEMBL3890438,Active,7.25
CHEMBL3894078,Active,7.58
CHEMBL3962600,Active,8.82
CHEMBL2058911,Active,8.72
CHEMBL2058921,Active,8.89
CHEMBL3928664,Active,6.12
CHEMBL3949222,Active,6.11
CHEMBL3917596,Active,8.62
CHEMBL3975392,Active,8.3
CHEMBL2058917,Active,8.85
CHEMBL3894393,Active,6.46
CHEMBL3938769,Inactive,5.99
CHEMBL3949013,Active,7.02
CHEMBL3969049,Active,8
CHEMBL2058922,Active,9.1
CHEMBL3951203,Active,8.52
CHEMBL3935862,Active,7.7
CHEMBL3986489,Active,7.64
CHEMBL2058687,Active,8.85
CHEMBL3977834,Active,7.77
CHEMBL3940351,Inactive,5.84
CHEMBL3944418,Active,7.28
CHEMBL3904695,Active,7.25
CHEMBL3947623,Active,8.18
CHEMBL3892771,Active,7.09
CHEMBL3898782,Active,6.54
CHEMBL3980226,Active,7.6
CHEMBL3953492,Active,6.27
CHEMBL3975917,Active,8.26
CHEMBL3984980,Active,8.54
CHEMBL3955636,Active,7.8
CHEMBL3896362,Active,9.1
CHEMBL3899153,Active,8.85
CHEMBL3945778,Active,7.08
CHEMBL3973010,Inactive,5.73
CHEMBL3905429,Active,8.46
CHEMBL3966254,Active,6.73
CHEMBL3919967,Active,6.73
CHEMBL3983397,Active,6.51
CHEMBL3903770,Active,8.8
CHEMBL3957031,Active,7.24
CHEMBL3644607,Active,7.62
CHEMBL3912155,Active,8.6
CHEMBL3931235,Active,6.46
CHEMBL3965763,Active,8.22
CHEMBL3944563,Active,7.66
CHEMBL3894247,Active,8.64
CHEMBL3969605,Active,8.85
CHEMBL3925541,Active,7.32
CHEMBL3921828,Active,8.85
CHEMBL3972922,Active,7.07
CHEMBL1986530,Active,9.15
CHEMBL2058929,Active,8.92
CHEMBL2058930,Active,8.7
CHEMBL3644615,Active,7.58
CHEMBL3889630,Active,10
CHEMBL3889976,Active,9.1
CHEMBL3898342,Active,8.05
CHEMBL3899235,Active,8.7
CHEMBL3901816,Active,7.72
CHEMBL3902104,Active,8.96
CHEMBL3907369,Active,7.405
CHEMBL3908331,Active,8.22
CHEMBL3909439,Active,9.15
CHEMBL3910314,Active,8.505
CHEMBL3911328,Active,8.4
CHEMBL3911333,Active,8.52
CHEMBL3911774,Active,8
CHEMBL3914571,Active,8.57
CHEMBL3916058,Active,8.71
CHEMBL3920261,Active,8
CHEMBL3923821,Active,6.72
CHEMBL3927211,Active,8.74
CHEMBL3932776,Active,6.465
CHEMBL3934255,Active,9.075
CHEMBL3935109,Active,8.22
CHEMBL3936919,Active,7.8
CHEMBL3938218,Active,8.22
CHEMBL3939291,Active,7.89
CHEMBL3939380,Active,8.52
CHEMBL3943233,Active,8.52
CHEMBL3944277,Active,8.89
CHEMBL3947475,Active,8.44
CHEMBL3947808,Active,7.62
CHEMBL3948066,Active,8.3
CHEMBL3952003,Active,8.3
CHEMBL3952324,Active,7.72
CHEMBL3953380,Active,8.82
CHEMBL3957216,Active,8.3
CHEMBL3959527,Active,8.52
CHEMBL3962134,Active,8.4
CHEMBL3970252,Active,8.365
CHEMBL3971091,Active,8.89
CHEMBL3972881,Active,6.545
CHEMBL3979663,Active,8.21
CHEMBL3984604,Active,7.92
CHEMBL399725,Active,7.74
CHEMBL4437358,Active,7.53
CHEMBL4475182,Active,7.01
CHEMBL4515830,Active,7.445
CHEMBL4544913,Active,7.065
CHEMBL4584942,Active,7.015
CHEMBL4586938,Active,7.525
CHEMBL4592442,Active,7.17
CHEMBL506871,Active,7.993333333
CHEMBL521686,Active,8.751666667
CHEMBL81977,Inactive,5.14
CHEMBL496937,Inactive,4.571865206
CHEMBL1089332,Inactive,4.522878745
CHEMBL2237228,Inactive,4.522878745
CHEMBL2237231,Inactive,4.522878745
CHEMBL2237214,Inactive,4.522878745
CHEMBL2237233,Inactive,4.522878745
CHEMBL446861,Inactive,4.543633967
CHEMBL2237237,Inactive,4.522878745
CHEMBL497591,Inactive,4.812479279
CHEMBL508796,Inactive,4.714442691
CHEMBL2237236,Inactive,4.522878745
CHEMBL3902386,Inactive,4.48945499
CHEMBL125596,Inactive,3.698970004
CHEMBL2407971,Inactive,4.823908741
CHEMBL2407969,Inactive,4
CHEMBL2407986,Inactive,4
CHEMBL2407989,Inactive,4.585026652
CHEMBL2408004,Inactive,4
CHEMBL2407980,Inactive,4.853871964
CHEMBL2407974,Inactive,4.124938737
CHEMBL2407993,Inactive,4.585026652
CHEMBL28,Inactive,4
CHEMBL2322615,Inactive,3.836391437
CHEMBL3929392,Inactive,4.427128398
CHEMBL3963547,Inactive,4.367542708
CHEMBL2407985,Inactive,4.744727495
CHEMBL4448791,Inactive,3.450996738
CHEMBL3616846,Inactive,4.769551079
CHEMBL3589258,Inactive,4.366531544
CHEMBL47846,Inactive,4.455931956
CHEMBL2407983,Inactive,4.107905397
CHEMBL2407982,Inactive,4.366531544
CHEMBL2407996,Inactive,4.823908741
CHEMBL2407984,Inactive,4.259637311
CHEMBL3416132,Inactive,4
CHEMBL1949844,Inactive,4.95939766
CHEMBL4469504,Inactive,2.37675071
CHEMBL123205,Inactive,3.920818754
CHEMBL2431867,Inactive,4.718966633
CHEMBL1688212,Inactive,4
CHEMBL3629673,Inactive,4
CHEMBL3629674,Inactive,4
CHEMBL1891423,Inactive,4.853871964
CHEMBL3956961,Inactive,4.627087997
CHEMBL2419716,Inactive,4.147520006
CHEMBL2419891,Inactive,4.950781977
CHEMBL1707591,Inactive,4.257274869
CHEMBL382430,Inactive,5
CHEMBL2408000,Inactive,5
CHEMBL3290467,Inactive,4.790484985
CHEMBL123617,Inactive,3.552841969
CHEMBL2407976,Inactive,4
CHEMBL2407979,Inactive,3.790484985
CHEMBL4447698,Inactive,3.4710833
CHEMBL2407992,Inactive,4
CHEMBL2407100,Inactive,3.769551079
CHEMBL125759,Inactive,4.698970004
CHEMBL266540,Inactive,4.801342913
CHEMBL2407978,Inactive,3.821023053
CHEMBL2407975,Inactive,4.026872146
CHEMBL2322613,Inactive,4.949620244
CHEMBL2419711,Inactive,4.739928612
CHEMBL2419889,Inactive,4.978810701
CHEMBL267373,Inactive,4.698970004
CHEMBL1140,Inactive,3.677780705
CHEMBL481803,Inactive,4.638272164
CHEMBL480233,Inactive,4.207608311
CHEMBL3629675,Inactive,4
CHEMBL480427,Inactive,4.366531544
CHEMBL3918110,Inactive,4.619788758
CHEMBL1949848,Inactive,4.602059991
CHEMBL1949854,Inactive,4.726535727
CHEMBL3932754,Inactive,4.747146969
CHEMBL4532631,Inactive,4.737311656
CHEMBL4471983,Inactive,4.812479279
CHEMBL1767050,Inactive,4.744727495
CHEMBL1767055,Inactive,4.500312917
CHEMBL121999,Inactive,3.522878745
CHEMBL53738,Inactive,5
CHEMBL338567,Inactive,3.795880017
CHEMBL3752492,Inactive,4.113509275
CHEMBL2323223,Inactive,3.806875402
CHEMBL2323225,Inactive,3.412289035
CHEMBL107738,Inactive,4.853871964
CHEMBL1767058,Inactive,4.649751982
CHEMBL2407990,Inactive,4.494850022
CHEMBL1767061,Inactive,4.779891912
CHEMBL1813887,Inactive,4.180456064
CHEMBL2408003,Inactive,4
CHEMBL339059,Inactive,2.657577319
CHEMBL336859,Inactive,4
CHEMBL1373905,Inactive,4.602059991
CHEMBL124706,Inactive,4.920818754
CHEMBL479635,Inactive,4.283996656
CHEMBL594453,Inactive,4.828273546
CHEMBL123572,Inactive,4.721246399
CHEMBL1767051,Inactive,4.950781977
CHEMBL3593806,Inactive,4.356547324
CHEMBL4069154,Inactive,4.855425792
CHEMBL3967549,Inactive,4.76700389
CHEMBL1949864,Inactive,4.879097182
CHEMBL1814051,Inactive,3.301029996
CHEMBL332444,Inactive,2.744727495
CHEMBL594679,Inactive,4.917573699
CHEMBL381303,Inactive,5
CHEMBL1813879,Inactive,3.910094889
CHEMBL1813880,Inactive,4.107905397
CHEMBL3617770,Inactive,4.947229131
CHEMBL480428,Inactive,4.568636236
CHEMBL122690,Inactive,4.259637311
CHEMBL202426,Inactive,5
CHEMBL370869,Inactive,5
CHEMBL3921853,Inactive,4.694648631
CHEMBL202537,Inactive,5
CHEMBL4472182,Inactive,3.508638306
CHEMBL4591736,Inactive,3.725842151
CHEMBL123978,Inactive,4.769551079
CHEMBL3629672,Inactive,4
CHEMBL3939009,Inactive,4.777283529
CHEMBL3941919,Inactive,4.779891912
CHEMBL4530032,Inactive,3.819587367
CHEMBL2322614,Inactive,4.063787956
CHEMBL448447,Inactive,4.90661334
CHEMBL115114,Inactive,4.657577319
CHEMBL2407994,Inactive,4.958607315
CHEMBL2323531,Inactive,4.11577123
CHEMBL4448508,Inactive,3.884389488
CHEMBL3593804,Inactive,4.973466735
CHEMBL562310,Inactive,4
CHEMBL3897483,Inactive,4.677780705
CHEMBL3927023,Inactive,4.528708289
CHEMBL1949856,Inactive,4.602059991
CHEMBL2323532,Inactive,4.076238039
CHEMBL1813881,Inactive,3.920818754
CHEMBL1814050,Inactive,3.301029996
CHEMBL3986246,Inactive,5
CHEMBL4099515,Inactive,4.13076828
CHEMBL3291328,Inactive,5
CHEMBL419245,Inactive,4.657577319
CHEMBL3593986,Inactive,4.795880017
CHEMBL3955426,Inactive,4.832682665
CHEMBL4453320,Inactive,3.045757491
CHEMBL3290455,Inactive,4.981299501
CHEMBL3961412,Inactive,4.785156152
CHEMBL449635,Inactive,4.244125144
CHEMBL3938947,Inactive,4.721246399
CHEMBL4063631,Inactive,4
CHEMBL3956490,Inactive,4.721246399
CHEMBL2058057,Inactive,4
CHEMBL2419890,Inactive,4.721246399
CHEMBL4125748,Inactive,4
CHEMBL4516906,Inactive,4.698970004
CHEMBL4448872,Inactive,4.698970004
CHEMBL4290954,Inactive,3.823908741
CHEMBL2381946,Inactive,4.070581074
CHEMBL4556137,Inactive,4.698970004
CHEMBL4442353,Inactive,4.698970004
CHEMBL1767062,Inactive,4.602059991
CHEMBL3605999,Inactive,5
CHEMBL4208737,Inactive,4
CHEMBL2112006,Inactive,5
CHEMBL2425810,Inactive,4.721246399
CHEMBL2419703,Inactive,4.721246399
CHEMBL2407991,Inactive,3.301029996
CHEMBL3290481,Inactive,5
CHEMBL3290478,Inactive,5
CHEMBL3828579,Inactive,5
CHEMBL3098936,Inactive,5
CHEMBL4109734,Inactive,4.721246399
CHEMBL3931845,Inactive,4.721246399
CHEMBL3414757,Inactive,4.698970004
CHEMBL3922251,Inactive,4.721246399
CHEMBL3964994,Inactive,4.721246399
CHEMBL3827770,Inactive,5
CHEMBL4483558,Inactive,4.698970004
CHEMBL1552719,Inactive,4.721246399
CHEMBL3937250,Inactive,4.721246399
CHEMBL2325503,Inactive,4
CHEMBL3290463,Inactive,4.602059991
CHEMBL194404,Inactive,5
CHEMBL4554146,Inactive,4.698970004
CHEMBL4538780,Inactive,4.698970004
CHEMBL1765110,Inactive,4.301029996
CHEMBL1089020,Inactive,5
CHEMBL4461036,Inactive,4.698970004
CHEMBL4442606,Inactive,4.698970004
CHEMBL4076368,Inactive,4.698970004
CHEMBL2381945,Inactive,4.070581074
CHEMBL497382,Inactive,5
CHEMBL447363,Inactive,5
CHEMBL1867804,Inactive,4.721246399
CHEMBL4290134,Inactive,5
CHEMBL46267,Inactive,4
CHEMBL1956162,Inactive,4
CHEMBL1438938,Inactive,4
CHEMBL498585,Inactive,5
CHEMBL479355,Inactive,5
CHEMBL516456,Inactive,5
CHEMBL3099718,Inactive,4.070581074
CHEMBL3290462,Inactive,4.602059991
CHEMBL3629677,Inactive,4
CHEMBL4082372,Inactive,4
CHEMBL4545585,Inactive,4.698970004
CHEMBL2381633,Inactive,5
CHEMBL496112,Inactive,5
CHEMBL3891789,Inactive,4.721246399
CHEMBL3946798,Inactive,4.721246399
CHEMBL3914416,Inactive,4.721246399
CHEMBL1829335,Inactive,4.522878745
CHEMBL3940683,Inactive,4.721246399
CHEMBL4095003,Inactive,4
CHEMBL4452289,Inactive,4.698970004
CHEMBL3414761,Inactive,4.698970004
CHEMBL1163173,Inactive,4
CHEMBL3290480,Inactive,5
CHEMBL4444671,Inactive,4.698970004
CHEMBL3099716,Inactive,4.070581074
CHEMBL3290453,Inactive,4.602059991
CHEMBL3290452,Inactive,4.602059991
CHEMBL4466835,Inactive,4.698970004
CHEMBL4290899,Inactive,3.823908741
CHEMBL4551975,Inactive,4.698970004
CHEMBL2419893,Inactive,4.721246399
CHEMBL3290479,Inactive,5
CHEMBL2425812,Inactive,4.721246399
CHEMBL2381936,Inactive,4.070581074
CHEMBL522908,Inactive,5
CHEMBL4535636,Inactive,4.698970004
CHEMBL3909379,Inactive,4.721246399
CHEMBL3940284,Inactive,4.721246399
CHEMBL596092,Inactive,4
CHEMBL2425813,Inactive,4.721246399
CHEMBL44692,Inactive,4.22184875
CHEMBL460153,Inactive,3.301029996
CHEMBL4110589,Inactive,4.721246399
CHEMBL2419701,Inactive,4.721246399
CHEMBL383830,Inactive,5
CHEMBL2322616,Inactive,5
CHEMBL201728,Inactive,5
CHEMBL18688,Inactive,4
CHEMBL4456595,Inactive,4.698970004
CHEMBL2419699,Inactive,4.721246399
CHEMBL4112739,Inactive,4.721246399
CHEMBL3414759,Inactive,4.698970004
CHEMBL3987175,Inactive,4.721246399
CHEMBL4452246,Inactive,4.698970004
CHEMBL3913243,Inactive,4.721246399
CHEMBL4454483,Inactive,4.698970004
CHEMBL3594137,Inactive,4
CHEMBL2419696,Inactive,4.721246399
CHEMBL3985156,Inactive,4.721246399
CHEMBL1230692,Inactive,3
CHEMBL1164165,Inactive,5
CHEMBL3929923,Inactive,4.721246399
CHEMBL4287262,Inactive,4
CHEMBL3965278,Inactive,4.721246399
CHEMBL3099720,Inactive,4.070581074
CHEMBL3414760,Inactive,4.698970004
CHEMBL3290473,Inactive,5
CHEMBL3900374,Inactive,4.721246399
CHEMBL3935111,Inactive,4.721246399
CHEMBL4475497,Inactive,4.698970004
CHEMBL4575275,Inactive,4.698970004
CHEMBL4577914,Inactive,4.698970004
CHEMBL2323538,Inactive,5
CHEMBL3290454,Inactive,4.602059991
CHEMBL4111286,Inactive,4.721246399
CHEMBL3897864,Inactive,4.721246399
CHEMBL3907294,Inactive,4.721246399
CHEMBL2381958,Inactive,5
CHEMBL421087,Inactive,5
CHEMBL381460,Inactive,5
CHEMBL4591423,Inactive,4.698970004
CHEMBL1910509,Inactive,4
CHEMBL125154,Inactive,5
CHEMBL1767060,Inactive,4
CHEMBL3827963,Inactive,4
CHEMBL595394,Inactive,4
CHEMBL1767059,Inactive,4.096910013
CHEMBL3594136,Inactive,4
CHEMBL1898239,Inactive,4.721246399
CHEMBL2419700,Inactive,4.721246399
CHEMBL3290458,Inactive,4.602059991
CHEMBL595164,Inactive,4
CHEMBL2419706,Inactive,4.721246399
CHEMBL2419702,Inactive,4.721246399
CHEMBL497775,Inactive,5
CHEMBL3238252,Inactive,5
CHEMBL126871,Inactive,5
CHEMBL123798,Inactive,4
CHEMBL4446309,Inactive,4.698970004
CHEMBL4453770,Inactive,4.698970004
CHEMBL2419892,Inactive,4
CHEMBL3933577,Inactive,4.721246399
CHEMBL3986804,Inactive,4.721246399
CHEMBL4110045,Inactive,4.721246399
CHEMBL4582338,Inactive,4.698970004
CHEMBL4560087,Inactive,4.698970004
CHEMBL4579514,Inactive,4.698970004
CHEMBL357240,Inactive,5
CHEMBL4287655,Inactive,4
CHEMBL4293745,Inactive,3.823908741
CHEMBL4545565,Inactive,4
CHEMBL4555506,Inactive,4.698970004
CHEMBL3291325,Inactive,5
CHEMBL3975140,Inactive,4.721246399
CHEMBL3892864,Inactive,4.721246399
CHEMBL4079898,Inactive,4
CHEMBL3983088,Inactive,4.721246399
CHEMBL3945618,Inactive,4.721246399
CHEMBL3941313,Inactive,4.721246399
CHEMBL4113551,Inactive,4.721246399
CHEMBL4171592,Inactive,4.301029996
CHEMBL4471982,Inactive,4.698970004
CHEMBL4476087,Inactive,4.698970004
CHEMBL3898270,Inactive,4.721246399
CHEMBL2419698,Inactive,4.721246399
CHEMBL3945237,Inactive,4.721246399
CHEMBL3919581,Inactive,4.721246399
CHEMBL3291316,Inactive,5
CHEMBL4129789,Inactive,4
CHEMBL3752386,Inactive,4
CHEMBL2419705,Inactive,4.721246399
CHEMBL3964642,Inactive,4.721246399
CHEMBL3901978,Inactive,4.721246399
CHEMBL4461149,Inactive,4.698970004
CHEMBL16751,Inactive,4
CHEMBL2440672,Inactive,2
CHEMBL3317897,Inactive,2
CHEMBL3317905,Inactive,2
CHEMBL3593802,Inactive,2
CHEMBL3593808,Inactive,2
CHEMBL4472061,Inactive,2
CHEMBL4577295,Inactive,2
CHEMBL1949861,Inactive,2
CHEMBL1949840,Inactive,2
CHEMBL3317910,Inactive,2
CHEMBL3317907,Inactive,2
CHEMBL3344069,Inactive,2
CHEMBL3344064,Inactive,2
CHEMBL3344063,Inactive,2
CHEMBL4535327,Inactive,2
CHEMBL3317903,Inactive,2
CHEMBL4544675,Inactive,2
CHEMBL4457127,Inactive,2
CHEMBL4468323,Inactive,2
CHEMBL4574816,Inactive,2
CHEMBL1949866,Inactive,2
CHEMBL4539724,Inactive,2
CHEMBL4560013,Inactive,2
CHEMBL3317904,Inactive,2
CHEMBL4453142,Inactive,2
CHEMBL4573183,Inactive,2
CHEMBL1949857,Inactive,2
CHEMBL4576273,Inactive,2
CHEMBL3593809,Inactive,2
CHEMBL2347905,Inactive,2
CHEMBL3317908,Inactive,2
CHEMBL3317914,Inactive,2
CHEMBL2440671,Inactive,2
CHEMBL452158,Inactive,2
CHEMBL480452,Inactive,2
CHEMBL3422687,Inactive,2
CHEMBL3422681,Inactive,2
CHEMBL3422685,Inactive,2
CHEMBL3344067,Inactive,2
CHEMBL587486,Inactive,2
CHEMBL95769,Inactive,2
CHEMBL3344061,Inactive,2
CHEMBL3344072,Inactive,2
CHEMBL3317917,Inactive,2
CHEMBL1949860,Inactive,2
CHEMBL4436247,Inactive,2
CHEMBL1949858,Inactive,2
CHEMBL2347900,Inactive,2
CHEMBL3421821,Inactive,2
CHEMBL3422686,Inactive,2
CHEMBL4435210,Inactive,2
CHEMBL4467521,Inactive,2
CHEMBL4559177,Inactive,2
CHEMBL2432028,Inactive,2
CHEMBL1949853,Inactive,2
CHEMBL1601889,Inactive,2
CHEMBL1383255,Inactive,2
CHEMBL3344062,Inactive,2
CHEMBL131820,Inactive,2
CHEMBL3593805,Inactive,2
CHEMBL3593810,Inactive,2
CHEMBL4464740,Inactive,2
CHEMBL3422684,Inactive,2
CHEMBL3421820,Inactive,2
CHEMBL3344071,Inactive,2
CHEMBL4476020,Inactive,2
CHEMBL2347902,Inactive,2
CHEMBL4458607,Inactive,2
CHEMBL452100,Inactive,2
CHEMBL3317901,Inactive,2
CHEMBL1949855,Inactive,2
CHEMBL1329604,Inactive,2
CHEMBL4592125,Inactive,2
CHEMBL2347908,Inactive,2
CHEMBL4520246,Inactive,2
CHEMBL3344068,Inactive,2
CHEMBL3344066,Inactive,2
CHEMBL4446277,Inactive,2
CHEMBL1652716,Inactive,2
CHEMBL4453414,Inactive,2
CHEMBL4435751,Inactive,2
CHEMBL4586275,Inactive,2
CHEMBL3593811,Inactive,2
CHEMBL67224,Inactive,2
CHEMBL1652714,Inactive,2
CHEMBL2347906,Inactive,2
CHEMBL4465632,Inactive,2
CHEMBL3344059,Inactive,2
CHEMBL3422688,Inactive,2
CHEMBL3422683,Inactive,2
CHEMBL3422682,Inactive,2
CHEMBL3422693,Inactive,2
CHEMBL3344070,Inactive,2
CHEMBL3422690,Inactive,2
CHEMBL3422692,Inactive,2
CHEMBL1652711,Inactive,2
CHEMBL4469097,Inactive,2
CHEMBL334734,Inactive,2
CHEMBL3593807,Inactive,2
CHEMBL3593251,Inactive,2
CHEMBL4528490,Inactive,2
CHEMBL4557232,Inactive,2
CHEMBL4582095,Inactive,2
CHEMBL1171468,Inactive,2
CHEMBL3317906,Inactive,2
CHEMBL3344065,Inactive,2
CHEMBL482012,Inactive,2
CHEMBL1652715,Inactive,2
CHEMBL4447343,Inactive,2
CHEMBL1949852,Inactive,2
CHEMBL4442276,Inactive,2
CHEMBL3593803,Inactive,2
CHEMBL3317902,Inactive,2
CHEMBL2440673,Inactive,2
CHEMBL4445035,Inactive,2
CHEMBL4550219,Inactive,2
CHEMBL4520222,Inactive,2
CHEMBL4445318,Inactive,2
CHEMBL4461020,Inactive,2
CHEMBL4456584,Inactive,2
CHEMBL2347909,Inactive,2
CHEMBL3317912,Inactive,2
CHEMBL4458137,Inactive,2
CHEMBL4531980,Inactive,2
CHEMBL4576743,Inactive,2
CHEMBL4542683,Inactive,2
CHEMBL3344060,Inactive,2
CHEMBL3344058,Inactive,2
CHEMBL363307,Inactive,2
CHEMBL4538616,Inactive,2
CHEMBL1481095,Inactive,2
CHEMBL4475399,Inactive,2
CHEMBL3317911,Inactive,2
CHEMBL3317913,Inactive,2
CHEMBL4439730,Inactive,2
CHEMBL4474430,Inactive,2
CHEMBL2347907,Inactive,2
CHEMBL3593988,Inactive,2
CHEMBL1949859,Inactive,2
CHEMBL4519830,Inactive,2
CHEMBL2347903,Inactive,2
CHEMBL4574000,Inactive,2
CHEMBL3317900,Inactive,2
CHEMBL4436157,Inactive,2
CHEMBL4579910,Inactive,2
CHEMBL2347910,Inactive,2
CHEMBL2347901,Inactive,2
CHEMBL2347904,Inactive,2
CHEMBL4574744,Inactive,2
CHEMBL3422689,Inactive,2
CHEMBL4537640,Inactive,2
CHEMBL3593981,Inactive,2
CHEMBL3317899,Inactive,2
CHEMBL4561926,Inactive,2
CHEMBL3317915,Inactive,2
CHEMBL3317916,Inactive,2
CHEMBL4472164,Inactive,2
CHEMBL4567050,Inactive,2
CHEMBL4586369,Inactive,2
CHEMBL4578024,Inactive,2
CHEMBL4466469,Inactive,2
CHEMBL1949849,Inactive,2
CHEMBL1566364,Inactive,2
CHEMBL3317898,Inactive,2
CHEMBL3422691,Inactive,2
CHEMBL4464793,Inactive,2
CHEMBL4452682,Inactive,2
CHEMBL2440886,Inactive,2
CHEMBL4103623,Inactive,2
CHEMBL4440022,Inactive,2
CHEMBL4471965,Inactive,2
CHEMBL4526294,Inactive,2
CHEMBL3317909,Inactive,2
CHEMBL4544714,Inactive,2
CHEMBL4590169,Inactive,2
CHEMBL4532640,Inactive,2
CHEMBL4454471,Inactive,2
CHEMBL4460313,Inactive,2
CHEMBL4520368,Inactive,2
